<a href="/broadway-cast-staff/maurice-evans-14727">Maurice Evans</a>	Hamlet	<td class="dates">Oct 12, 1938</td>
<a href="/broadway-cast-staff/katherine-locke-49981">Katherine Locke</a>	Ophelia	<td class="dates">Oct 12, 1938</td>
<a href="/broadway-cast-staff/christopher-plummer-56307">Christopher Plummer</a>	King Lear of Britain	<td class="dates">Mar 04, 2004</td>
<a href="/broadway-cast-staff/barry-macgregor-375464">Barry MacGregor</a>	Fool	<td class="dates">Mar 04, 2004</td>
<a href="/broadway-cast-staff/ren-auberjonois-66778">René Auberjonois</a>	Fool	<td class="dates">Nov 07, 1968</td>
<a href="/broadway-cast-staff/lee-j-cobb-67109">Lee J. Cobb</a>	King Lear of Britain	<td class="dates">Nov 07, 1968</td>
<a href="/broadway-cast-staff/anne-marie-duff-495054">Anne-Marie Duff</a>	Lady Macbeth	<td class="dates">Nov 21, 2013</td>
<a href="/broadway-cast-staff/ethan-hawke-71660">Ethan Hawke</a>	Macbeth	<td class="dates">Nov 21, 2013</td>
<a href="/broadway-cast-staff/pamela-payton-wright-55498">Pamela Payton-Wright</a>	Juliet	<td class="dates">Mar 17, 1977</td>
<a href="/broadway-cast-staff/paul-rudd-71676">Paul Rudd</a>	Romeo	<td class="dates">Mar 17, 1977</td>
<a href="/broadway-cast-staff/michael-redgrave-7745">Michael Redgrave</a>	Macbeth	<td class="dates">Mar 31, 1948</td>
<a href="/broadway-cast-staff/flora-robson-58100">Flora Robson</a>	Lady Macbeth	<td class="dates">Mar 31, 1948</td>
<a href="/broadway-cast-staff/claire-bloom-32327">Claire Bloom</a>	Juliet	<td class="dates">Oct 24, 1956</td>
<a href="/broadway-cast-staff/john-neville-15767">John Neville</a>	Romeo	<td class="dates">Oct 24, 1956</td>
<a href="/broadway-cast-staff/f-murray-abraham-29279">F. Murray Abraham</a>	Macbeth	<td class="dates">Nov 12, 1986</td>
<a href="/broadway-cast-staff/keith-david-37388">Keith David</a>	Macbeth	<td class="dates">Nov 12, 1986</td>
<a href="/broadway-cast-staff/ching-valdes-aran-75966">Ching Valdes-Aran</a>	Lady Macbeth	<td class="dates">Nov 12, 1986</td>
<a href="/broadway-cast-staff/jos-ferrer-6934">José Ferrer</a>	Iago	<td class="dates">May 22, 1945</td>
<a href="/broadway-cast-staff/uta-hagen-43654">Uta Hagen</a>	Desdemona	<td class="dates">May 22, 1945</td>
<a href="/broadway-cast-staff/paul-robeson-58036">Paul Robeson</a>	Othello	<td class="dates">May 22, 1945</td>
<a href="/broadway-cast-staff/jack-carter-34757">Jack Carter</a>	Macbeth	<td class="dates">Apr 09, 1936</td>
<a href="/broadway-cast-staff/alma-dickson-38039">Alma Dickson</a>	Lady Macbeth	<td class="dates">Apr 09, 1936</td>
<a href="/broadway-cast-staff/edna-thomas-62150">Edna Thomas</a>	Lady Macbeth	<td class="dates">Apr 09, 1936</td>
<a href="/broadway-cast-staff/brian-aherne-29441">Brian Aherne</a>	Iago	<td class="dates">Jan 06, 1937</td>
<a href="/broadway-cast-staff/walter-huston-24054">Walter Huston</a>	Othello	<td class="dates">Jan 06, 1937</td>
<a href="/broadway-cast-staff/nan-sunderland-61499">Nan Sunderland</a>	Desdemona	<td class="dates">Jan 06, 1937</td>
<a href="/broadway-cast-staff/kelsey-grammer-74304">Kelsey Grammer</a>	Macbeth	<td class="dates">Jun 15, 2000</td>
<a href="/broadway-cast-staff/diane-venora-75879">Diane Venora</a>	Lady Macbeth	<td class="dates">Jun 15, 2000</td>
<a href="/broadway-cast-staff/orlando-bloom-494556">Orlando Bloom</a>	Romeo	<td class="dates">Sep 19, 2013</td>
<a href="/broadway-cast-staff/condola-rashad-483866">Condola Rashad</a>	Juliet	<td class="dates">Sep 19, 2013</td>
<a href="/broadway-cast-staff/richard-burton-33844">Richard Burton</a>	Hamlet	<td class="dates">Apr 09, 1964</td>
<a href="/broadway-cast-staff/linda-marsh-97297">Linda Marsh</a>	Ophelia	<td class="dates">Apr 09, 1964</td>
<a href="/broadway-cast-staff/maureen-anderman-29833">Maureen Anderman</a>	Ophelia	<td class="dates">Dec 17, 1975</td>
<a href="/broadway-cast-staff/sam-waterston-69015">Sam Waterston</a>	Hamlet	<td class="dates">Dec 17, 1975</td>
<a href="/broadway-cast-staff/rosalind-iden-46171">Rosalind Iden</a>	Ophelia	<td class="dates">Feb 26, 1947</td>
<a href="/broadway-cast-staff/donald-wolfit-9532">Donald Wolfit</a>	Hamlet	<td class="dates">Feb 26, 1947</td>
<a href="/broadway-cast-staff/orson-welles-7963">Orson Welles</a>	King Lear of Britain	<td class="dates">Jan 12, 1956</td>
<a href="/broadway-cast-staff/alvin-epstein-39659">Alvin Epstein</a>	Fool	<td class="dates">Jan 12, 1956</td>
<a href="/broadway-cast-staff/katharine-cornell-9732">Katharine Cornell</a>	Juliet	<td class="dates">Dec 23, 1935</td>
<a href="/broadway-cast-staff/maurice-evans-14727">Maurice Evans</a>	Romeo	<td class="dates">Dec 23, 1935</td>
<a href="/broadway-cast-staff/paul-robeson-58036">Paul Robeson</a>	Othello	<td class="dates">Oct 19, 1943</td>
<a href="/broadway-cast-staff/jos-ferrer-6934">José Ferrer</a>	Iago	<td class="dates">Oct 19, 1943</td>
<a href="/broadway-cast-staff/uta-hagen-43654">Uta Hagen</a>	Desdemona	<td class="dates">Oct 19, 1943</td>
<a href="/broadway-cast-staff/rene-moreno-490675">Rene Moreno</a>	Romeo	<td class="dates">Nov 12, 1986</td>
<a href="/broadway-cast-staff/regina-taylor-109792">Regina Taylor</a>	Juliet	<td class="dates">Nov 12, 1986</td>
<a href="/broadway-cast-staff/leslie-howard-7293">Leslie Howard</a>	Hamlet	<td class="dates">Nov 10, 1936</td>
<a href="/broadway-cast-staff/pamela-stanley-60844">Pamela Stanley</a>	Ophelia	<td class="dates">Nov 10, 1936</td>
<a href="/broadway-cast-staff/ralph-fiennes-70980">Ralph Fiennes</a>	Hamlet	<td class="dates">May 02, 1995</td>
<a href="/broadway-cast-staff/tara-fitzgerald-70981">Tara FitzGerald</a>	Ophelia	<td class="dates">May 02, 1995</td>
<a href="/broadway-cast-staff/geoffrey-wilkinson-97870">Geoffrey Wilkinson</a>	Fool	<td class="dates">Feb 18, 1947</td>
<a href="/broadway-cast-staff/donald-wolfit-9532">Donald Wolfit</a>	King Lear of Britain	<td class="dates">Feb 18, 1947</td>
<a href="/broadway-cast-staff/joyce-ebert-39186">Joyce Ebert</a>	Ophelia	<td class="dates">Mar 16, 1961</td>
<a href="/broadway-cast-staff/donald-madden-51021">Donald Madden</a>	Hamlet	<td class="dates">Mar 16, 1961</td>
<a href="/broadway-cast-staff/jean-louis-barrault-6693">Jean-Louis Barrault</a>	Hamlet	<td class="dates">Dec 01, 1952</td>
<a href="/broadway-cast-staff/simone-valre-63029">Simone Valère</a>	Ophelia	<td class="dates">Dec 01, 1952</td>
<a href="/broadway-cast-staff/gladys-cooper-36243">Gladys Cooper</a>	Lady Macbeth	<td class="dates">Oct 07, 1935</td>
<a href="/broadway-cast-staff/philip-merivale-23489">Philip Merivale</a>	Macbeth	<td class="dates">Oct 07, 1935</td>
<a href="/broadway-cast-staff/moses-gunn-43304">Moses Gunn</a>	Othello	<td class="dates">Sep 14, 1970</td>
<a href="/broadway-cast-staff/roberta-maxwell-51946">Roberta Maxwell</a>	Desdemona	<td class="dates">Sep 14, 1970</td>
<a href="/broadway-cast-staff/lee-richardson-57732">Lee Richardson</a>	Iago	<td class="dates">Sep 14, 1970</td>
<a href="/broadway-cast-staff/james-earl-jones-47173">James Earl Jones</a>	Othello	<td class="dates">Feb 03, 1982</td>
<a href="/broadway-cast-staff/christopher-plummer-56307">Christopher Plummer</a>	Iago	<td class="dates">Feb 03, 1982</td>
<a href="/broadway-cast-staff/dianne-wiest-64900">Dianne Wiest</a>	Desdemona	<td class="dates">Feb 03, 1982</td>
<a href="/broadway-cast-staff/judith-anderson-29864">Judith Anderson</a>	Lady Macbeth	<td class="dates">Nov 11, 1941</td>
<a href="/broadway-cast-staff/maurice-evans-14727">Maurice Evans</a>	Macbeth	<td class="dates">Nov 11, 1941</td>
<a href="/broadway-cast-staff/john-gielgud-9565">John Gielgud</a>	Hamlet	<td class="dates">Oct 08, 1936</td>
<a href="/broadway-cast-staff/lillian-gish-42299">Lillian Gish</a>	Ophelia	<td class="dates">Oct 08, 1936</td>
<a href="/broadway-cast-staff/stephen-lang-48898">Stephen Lang</a>	Hamlet	<td class="dates">Apr 02, 1992</td>
<a href="/broadway-cast-staff/elizabeth-mcgovern-71159">Elizabeth McGovern</a>	Ophelia	<td class="dates">Apr 02, 1992</td>
<a href="/broadway-cast-staff/maurice-evans-14727">Maurice Evans</a>	Hamlet	<td class="dates">Jun 03, 1946</td>
<a href="/broadway-cast-staff/frances-reid-57418">Frances Reid</a>	Ophelia	<td class="dates">Jun 03, 1946</td>
<a href="/broadway-cast-staff/jude-law-49073">Jude Law</a>	Hamlet	<td class="dates">Oct 06, 2009</td>
<a href="/broadway-cast-staff/gugu-mbatha-raw-484698">Gugu Mbatha-Raw</a>	Ophelia	<td class="dates">Oct 06, 2009</td>
<a href="/broadway-cast-staff/gladys-cooper-36243">Gladys Cooper</a>	Desdemona	<td class="dates">Sep 27, 1935</td>
<a href="/broadway-cast-staff/kenneth-mackenna-15504">Kenneth MacKenna</a>	Iago	<td class="dates">Sep 27, 1935</td>
<a href="/broadway-cast-staff/philip-merivale-23489">Philip Merivale</a>	Othello	<td class="dates">Sep 27, 1935</td>
<a href="/broadway-cast-staff/andrea-weber-73458">Andrea Weber</a>	Lady Macbeth	<td class="dates">Jan 28, 1982</td>
<a href="/broadway-cast-staff/nicol-williamson-7894">Nicol Williamson</a>	Macbeth	<td class="dates">Jan 28, 1982</td>
<a href="/broadway-cast-staff/olivia-de-havilland-67261">Olivia de Havilland</a>	Juliet	<td class="dates">Mar 10, 1951</td>
<a href="/broadway-cast-staff/douglas-watson-97024">Douglas Watson</a>	Romeo	<td class="dates">Mar 10, 1951</td>
<a href="/broadway-cast-staff/barbara-jefford-46905">Barbara Jefford</a>	Ophelia	<td class="dates">Dec 16, 1958</td>
<a href="/broadway-cast-staff/john-neville-15767">John Neville</a>	Hamlet	<td class="dates">Dec 16, 1958</td>
<a href="/broadway-cast-staff/francesca-annis-70978">Francesca Annis</a>	Ophelia	<td class="dates">May 01, 1969</td>
<a href="/broadway-cast-staff/nicol-williamson-7894">Nicol Williamson</a>	Hamlet	<td class="dates">May 01, 1969</td>
<a href="/broadway-cast-staff/vivien-leigh-49426">Vivien Leigh</a>	Juliet	<td class="dates">May 09, 1940</td>
<a href="/broadway-cast-staff/laurence-olivier-15809">Laurence Olivier</a>	Romeo	<td class="dates">May 09, 1940</td>
<a href="/broadway-cast-staff/glenda-jackson-46712">Glenda Jackson</a>	Lady Macbeth	<td class="dates">Apr 21, 1988</td>
<a href="/broadway-cast-staff/christopher-plummer-56307">Christopher Plummer</a>	Macbeth	<td class="dates">Apr 21, 1988</td>
<a href="/broadway-cast-staff/maurice-evans-14727">Maurice Evans</a>	Hamlet	<td class="dates">Dec 13, 1945</td>
<a href="/broadway-cast-staff/frances-reid-57418">Frances Reid</a>	Ophelia	<td class="dates">Dec 13, 1945</td>
<a href="/broadway-cast-staff/patrick-stewart-9608">Patrick Stewart</a>	Macbeth	<td class="dates">Apr 08, 2008</td>
<a href="/broadway-cast-staff/kate-fleetwood-478136">Kate Fleetwood</a>	Lady Macbeth	<td class="dates">Apr 08, 2008</td>
<a href="/broadway-cast-staff/eleanor-goodrich-42537">Eleanor Goodrich</a>	Ophelia	<td class="dates">Dec 25, 1934</td>
<a href="/broadway-cast-staff/walter-hampden-15020">Walter Hampden</a>	Hamlet	<td class="dates">Dec 25, 1934</td>
<a href="/broadway-cast-staff/maureen-anderman-29833">Maureen Anderman</a>	Lady Macbeth	<td class="dates">Jan 22, 1981</td>
<a href="/broadway-cast-staff/philip-anglim-66749">Philip Anglim</a>	Macbeth	<td class="dates">Jan 22, 1981</td>
<a href="/broadway-cast-staff/katharine-cornell-9732">Katharine Cornell</a>	Juliet	<td class="dates">Dec 20, 1934</td>
<a href="/broadway-cast-staff/basil-rathbone-4443">Basil Rathbone</a>	Romeo	<td class="dates">Dec 20, 1934</td>
<a href="/broadway-cast-staff/coral-browne-33375">Coral Browne</a>	Lady Macbeth	<td class="dates">Oct 29, 1956</td>
<a href="/broadway-cast-staff/paul-rogers-58218">Paul Rogers</a>	Macbeth	<td class="dates">Oct 29, 1956</td>
<a href="/broadway-cast-staff/amy-levitt-96521">Amy Levitt</a>	Ophelia	<td class="dates">Mar 03, 1969</td>
<a href="/broadway-cast-staff/ellis-rabb-9602">Ellis Rabb</a>	Hamlet	<td class="dates">Mar 03, 1969</td>
<a href="/broadway-cast-staff/louis-calhern-14355">Louis Calhern</a>	King Lear of Britain	<td class="dates">Dec 25, 1950</td>
<a href="/broadway-cast-staff/norman-lloyd-15454">Norman Lloyd</a>	Fool	<td class="dates">Dec 25, 1950</td>
<a href="/broadway-cast-staff/maurice-evans-14727">Maurice Evans</a>	Hamlet	<td class="dates">Dec 04, 1939</td>
<a href="/broadway-cast-staff/katherine-locke-49981">Katherine Locke</a>	Ophelia	<td class="dates">Dec 04, 1939</td>
<a href="/broadway-cast-staff/virginia-bronson-33127">Virginia Bronson</a>	Lady Macbeth	<td class="dates">Mar 24, 1930</td>
<a href="/broadway-cast-staff/fritz-leiber-21965">Fritz Leiber</a>	Macbeth	<td class="dates">Mar 24, 1930</td>
<a href="/broadway-cast-staff/john-barrymore-31141">John Barrymore</a>	Hamlet	<td class="dates">Nov 16, 1922</td>
<a href="/broadway-cast-staff/rosalind-fuller-41458">Rosalind Fuller</a>	Ophelia	<td class="dates">Nov 16, 1922</td>
<a href="/broadway-cast-staff/e-h-sothern-28103">E. H. Sothern</a>	Hamlet	<td class="dates">Oct 06, 1919</td>
<a href="/broadway-cast-staff/julia-marlowe-22755">Julia Marlowe</a>	Ophelia	<td class="dates">Oct 06, 1919</td>
<a href="/broadway-cast-staff/robert-b-mantell-68220">Robert B. Mantell</a>	Macbeth	<td class="dates">Feb 01, 1915</td>
<a href="/broadway-cast-staff/florence-auer-30350">Florence Auer</a>	Lady Macbeth	<td class="dates">Feb 01, 1915</td>
<a href="/broadway-cast-staff/robert-b-mantell-68220">Robert B. Mantell</a>	Macbeth	<td class="dates">Apr 16, 1917</td>
<a href="/broadway-cast-staff/genevieve-hamper-43969">Genevieve Hamper</a>	Lady Macbeth	<td class="dates">Apr 16, 1917</td>
<a href="/broadway-cast-staff/donald-cameron-34325">Donald Cameron</a>	Romeo	<td class="dates">Oct 06, 1930</td>
<a href="/broadway-cast-staff/eva-le-gallienne-5481">Eva Le Gallienne</a>	Juliet	<td class="dates">Oct 06, 1930</td>
<a href="/broadway-cast-staff/lyn-harding-67730">Lyn Harding</a>	Macbeth	<td class="dates">Nov 19, 1928</td>
<a href="/broadway-cast-staff/florence-reed-57348">Florence Reed</a>	Lady Macbeth	<td class="dates">Nov 19, 1928</td>
<a href="/broadway-cast-staff/fritz-leiber-21965">Fritz Leiber</a>	Macbeth	<td class="dates">Jan 16, 1922</td>
<a href="/broadway-cast-staff/olive-oliver-55104">Olive Oliver</a>	Lady Macbeth	<td class="dates">Jan 16, 1922</td>
<a href="/broadway-cast-staff/celia-johnson-112137">Celia Johnson</a>	Ophelia	<td class="dates">Nov 05, 1931</td>
<a href="/broadway-cast-staff/raymond-massey-15578">Raymond Massey</a>	Hamlet	<td class="dates">Nov 05, 1931</td>
<a href="/broadway-cast-staff/walter-hampden-15020">Walter Hampden</a>	Macbeth	<td class="dates">Dec 07, 1918</td>
<a href="/broadway-cast-staff/gilda-varesi-5911">Gilda Varesi</a>	Lady Macbeth	<td class="dates">Dec 07, 1918</td>
<a href="/broadway-cast-staff/robert-b-mantell-68220">Robert B. Mantell</a>	Othello	<td class="dates">Feb 01, 1915</td>
<a href="/broadway-cast-staff/genevieve-hamper-43969">Genevieve Hamper</a>	Desdemona	<td class="dates">Feb 01, 1915</td>
<a href="/broadway-cast-staff/fritz-leiber-21965">Fritz Leiber</a>	Iago	<td class="dates">Feb 01, 1915</td>
<a href="/broadway-cast-staff/viola-allen-66734">Viola Allen</a>	Lady Macbeth	<td class="dates">Feb 07, 1916</td>
<a href="/broadway-cast-staff/james-k-hackett-14993">James K. Hackett</a>	Macbeth	<td class="dates">Feb 07, 1916</td>
<a href="/broadway-cast-staff/julia-marlowe-22755">Julia Marlowe</a>	Ophelia	<td class="dates">Sep 22, 1913</td>
<a href="/broadway-cast-staff/e-h-sothern-28103">E. H. Sothern</a>	Hamlet	<td class="dates">Sep 22, 1913</td>
<a href="/broadway-cast-staff/donald-cameron-34325">Donald Cameron</a>	Romeo	<td class="dates">Apr 21, 1930</td>
<a href="/broadway-cast-staff/eva-le-gallienne-5481">Eva Le Gallienne</a>	Juliet	<td class="dates">Apr 21, 1930</td>
<a href="/broadway-cast-staff/basil-sydney-16301">Basil Sydney</a>	Hamlet	<td class="dates">Nov 09, 1925</td>
<a href="/broadway-cast-staff/helen-chandler-35018">Helen Chandler</a>	Ophelia	<td class="dates">Nov 09, 1925</td>
<a href="/broadway-cast-staff/virginia-bronson-33127">Virginia Bronson</a>	Juliet	<td class="dates">Jan 16, 1922</td>
<a href="/broadway-cast-staff/fritz-leiber-21965">Fritz Leiber</a>	Romeo	<td class="dates">Jan 16, 1922</td>
<a href="/broadway-cast-staff/walter-hampden-15020">Walter Hampden</a>	Hamlet	<td class="dates">Nov 22, 1918</td>
<a href="/broadway-cast-staff/mabel-moore-68351">Mabel Moore</a>	Ophelia	<td class="dates">Nov 22, 1918</td>
<a href="/broadway-cast-staff/george-relph-57469">George Relph</a>	Romeo	<td class="dates">Nov 22, 1915</td>
<a href="/broadway-cast-staff/khyva-st-albans-60740">Khyva St. Albans</a>	Juliet	<td class="dates">Nov 22, 1915</td>
<a href="/broadway-cast-staff/julia-marlowe-22755">Julia Marlowe</a>	Lady Macbeth	<td class="dates">Sep 22, 1913</td>
<a href="/broadway-cast-staff/e-h-sothern-28103">E. H. Sothern</a>	Macbeth	<td class="dates">Sep 22, 1913</td>
<a href="/broadway-cast-staff/robert-b-mantell-68220">Robert B. Mantell</a>	Romeo	<td class="dates">Feb 01, 1915</td>
<a href="/broadway-cast-staff/genevieve-hamper-43969">Genevieve Hamper</a>	Juliet	<td class="dates">Feb 01, 1915</td>
<a href="/broadway-cast-staff/marie-carroll-34695">Marie Carroll</a>	Ophelia	<td class="dates">Mar 24, 1930</td>
<a href="/broadway-cast-staff/fritz-leiber-21965">Fritz Leiber</a>	Hamlet	<td class="dates">Mar 24, 1930</td>
<a href="/broadway-cast-staff/walter-hampden-15020">Walter Hampden</a>	Hamlet	<td class="dates">Oct 10, 1925</td>
<a href="/broadway-cast-staff/ethel-barrymore-31140">Ethel Barrymore</a>	Ophelia	<td class="dates">Oct 10, 1925</td>
<a href="/broadway-cast-staff/robert-b-mantell-68220">Robert B. Mantell</a>	Hamlet	<td class="dates">Apr 16, 1917</td>
<a href="/broadway-cast-staff/genevieve-hamper-43969">Genevieve Hamper</a>	Ophelia	<td class="dates">Apr 16, 1917</td>
<a href="/broadway-cast-staff/john-forrest-40921">John Forrest</a>	Fool	<td class="dates">Dec 25, 1930</td>
<a href="/broadway-cast-staff/fritz-leiber-21965">Fritz Leiber</a>	King Lear of Britain	<td class="dates">Dec 25, 1930</td>
<a href="/broadway-cast-staff/walter-hampden-15020">Walter Hampden</a>	Macbeth	<td class="dates">Apr 19, 1921</td>
<a href="/broadway-cast-staff/mary-hall-43779">Mary Hall</a>	Lady Macbeth	<td class="dates">Apr 19, 1921</td>
<a href="/broadway-cast-staff/robert-b-mantell-68220">Robert B. Mantell</a>	Hamlet	<td class="dates">Feb 01, 1915</td>
<a href="/broadway-cast-staff/genevieve-hamper-43969">Genevieve Hamper</a>	Ophelia	<td class="dates">Feb 01, 1915</td>
<a href="/broadway-cast-staff/julia-marlowe-22755">Julia Marlowe</a>	Juliet	<td class="dates">Sep 22, 1913</td>
<a href="/broadway-cast-staff/e-h-sothern-28103">E. H. Sothern</a>	Romeo	<td class="dates">Sep 22, 1913</td>
<a href="/broadway-cast-staff/walter-hampden-15020">Walter Hampden</a>	Othello	<td class="dates">Jan 10, 1925</td>
<a href="/broadway-cast-staff/baliol-holloway-45437">Baliol Holloway</a>	Iago	<td class="dates">Jan 10, 1925</td>
<a href="/broadway-cast-staff/mabel-moore-68351">Mabel Moore</a>	Desdemona	<td class="dates">Jan 10, 1925</td>
<a href="/broadway-cast-staff/jeannette-sherwin-68740">Jeannette Sherwin</a>	Desdemona	<td class="dates">Jan 10, 1925</td>
<a href="/broadway-cast-staff/william-faversham-14744">William Faversham</a>	Iago	<td class="dates">Feb 09, 1914</td>
<a href="/broadway-cast-staff/cecilia-loftus-68121">Cecilia Loftus</a>	Desdemona	<td class="dates">Feb 09, 1914</td>
<a href="/broadway-cast-staff/rd-maclean-56826">R.D. MacLean</a>	Othello	<td class="dates">Feb 09, 1914</td>
<a href="/broadway-cast-staff/lionel-barrymore-31143">Lionel Barrymore</a>	Macbeth	<td class="dates">Feb 17, 1921</td>
<a href="/broadway-cast-staff/julia-arthur-14065">Julia Arthur</a>	Lady Macbeth	<td class="dates">Feb 17, 1921</td>
<a href="/broadway-cast-staff/robert-b-mantell-68220">Robert B. Mantell</a>	King Lear of Britain	<td class="dates">Apr 16, 1917</td>
<a href="/broadway-cast-staff/robert-b-mantell-68220">Robert B. Mantell</a>	King Lear of Britain	<td class="dates">Feb 01, 1915</td>
<a href="/broadway-cast-staff/john-e-kellerd-22641">John E. Kellerd</a>	Hamlet	<td class="dates">Feb 04, 1913</td>
<a href="/broadway-cast-staff/isobel-merson-52870">Isobel Merson</a>	Ophelia	<td class="dates">Feb 04, 1913</td>
<a href="/broadway-cast-staff/julia-marlowe-22755">Julia Marlowe</a>	Juliet	<td class="dates">Dec 05, 1910</td>
<a href="/broadway-cast-staff/e-h-sothern-28103">E. H. Sothern</a>	Romeo	<td class="dates">Dec 05, 1910</td>
<a href="/broadway-cast-staff/robert-b-mantell-68220">Robert B. Mantell</a>	Hamlet	<td class="dates">Mar 08, 1909</td>
<a href="/broadway-cast-staff/marie-booth-russell-58687">Marie Booth Russell</a>	Ophelia	<td class="dates">Mar 08, 1909</td>
<a href="/broadway-cast-staff/e-h-sothern-28103">E. H. Sothern</a>	Hamlet	<td class="dates">May 18, 1908</td>
<a href="/broadway-cast-staff/julia-marlowe-22755">Julia Marlowe</a>	Ophelia	<td class="dates">Jun 10, 1907</td>
<a href="/broadway-cast-staff/e-h-sothern-28103">E. H. Sothern</a>	Hamlet	<td class="dates">Jun 10, 1907</td>
<a href="/broadway-cast-staff/robert-b-mantell-68220">Robert B. Mantell</a>	King Lear of Britain	<td class="dates">Mar 08, 1909</td>
<a href="/broadway-cast-staff/e-h-sothern-28103">E. H. Sothern</a>	Hamlet	<td class="dates">Jan 27, 1908</td>
<a href="/broadway-cast-staff/julia-marlowe-22755">Julia Marlowe</a>	Juliet	<td class="dates">Jun 10, 1907</td>
<a href="/broadway-cast-staff/e-h-sothern-28103">E. H. Sothern</a>	Romeo	<td class="dates">Jun 10, 1907</td>
<a href="/broadway-cast-staff/julia-marlowe-22755">Julia Marlowe</a>	Juliet	<td class="dates">Nov 20, 1911</td>
<a href="/broadway-cast-staff/e-h-sothern-28103">E. H. Sothern</a>	Romeo	<td class="dates">Nov 20, 1911</td>
<a href="/broadway-cast-staff/julia-marlowe-22755">Julia Marlowe</a>	Juliet	<td class="dates">Feb 07, 1910</td>
<a href="/broadway-cast-staff/e-h-sothern-28103">E. H. Sothern</a>	Romeo	<td class="dates">Feb 07, 1910</td>
<a href="/broadway-cast-staff/robert-b-mantell-68220">Robert B. Mantell</a>	Macbeth	<td class="dates">Mar 08, 1909</td>
<a href="/broadway-cast-staff/marie-booth-russell-58687">Marie Booth Russell</a>	Lady Macbeth	<td class="dates">Mar 08, 1909</td>
<a href="/broadway-cast-staff/robert-b-mantell-68220">Robert B. Mantell</a>	King Lear of Britain	<td class="dates">Apr 29, 1907</td>
<a href="/broadway-cast-staff/sayre-crawley-36678">Sayre Crawley</a>	Macbeth	<td class="dates">Jan 17, 1910</td>
<a href="/broadway-cast-staff/keith-wakeman-63735">Keith Wakeman</a>	Lady Macbeth	<td class="dates">Jan 17, 1910</td>
<a href="/broadway-cast-staff/viola-knott-48349">Viola Knott</a>	Ophelia	<td class="dates">Apr 23, 1912</td>
<a href="/broadway-cast-staff/ian-maclaren-11084">Ian Maclaren</a>	Hamlet	<td class="dates">Apr 23, 1912</td>
<a href="/broadway-cast-staff/robert-b-mantell-68220">Robert B. Mantell</a>	Othello	<td class="dates">Mar 08, 1909</td>
<a href="/broadway-cast-staff/marie-booth-russell-58687">Marie Booth Russell</a>	Desdemona	<td class="dates">Mar 08, 1909</td>
<a href="/broadway-cast-staff/robert-b-mantell-68220">Robert B. Mantell</a>	Macbeth	<td class="dates">Apr 29, 1907</td>
<a href="/broadway-cast-staff/marie-booth-russell-58687">Marie Booth Russell</a>	Lady Macbeth	<td class="dates">Apr 29, 1907</td>
<a href="/broadway-cast-staff/e-h-sothern-28103">E. H. Sothern</a>	Hamlet	<td class="dates">Mar 29, 1909</td>
<a href="/broadway-cast-staff/julia-marlowe-22755">Julia Marlowe</a>	Juliet	<td class="dates">Jan 21, 1907</td>
<a href="/broadway-cast-staff/e-h-sothern-28103">E. H. Sothern</a>	Romeo	<td class="dates">Jan 21, 1907</td>
<a href="/broadway-cast-staff/robert-b-mantell-68220">Robert B. Mantell</a>	Romeo	<td class="dates">Mar 08, 1909</td>
<a href="/broadway-cast-staff/marie-booth-russell-58687">Marie Booth Russell</a>	Juliet	<td class="dates">Mar 08, 1909</td>
<a href="/broadway-cast-staff/julia-marlowe-22755">Julia Marlowe</a>	Ophelia	<td class="dates">Jan 21, 1907</td>
<a href="/broadway-cast-staff/robert-b-mantell-68220">Robert B. Mantell</a>	Othello	<td class="dates">Apr 29, 1907</td>
<a href="/broadway-cast-staff/e-h-sothern-28103">E. H. Sothern</a>	Hamlet	<td class="dates">Jan 21, 1907</td>
<a href="/broadway-cast-staff/marie-booth-russell-58687">Marie Booth Russell</a>	Desdemona	<td class="dates">Apr 29, 1907</td>
<a href="/broadway-cast-staff/johnston-forbes-robertson-14794">Johnston Forbes-Robertson</a>	Hamlet	<td class="dates">Mar 13, 1905</td>
<a href="/broadway-cast-staff/kate-rorke-58322">Kate Rorke</a>	Ophelia	<td class="dates">Mar 13, 1905</td>
<a href="/broadway-cast-staff/gertrude-elliott-39445">Gertrude Elliott</a>	Ophelia	<td class="dates">Mar 08, 1904</td>
<a href="/broadway-cast-staff/johnston-forbes-robertson-14794">Johnston Forbes-Robertson</a>	Hamlet	<td class="dates">Mar 08, 1904</td>
<a href="/broadway-cast-staff/cecilia-loftus-68121">Cecilia Loftus</a>	Ophelia	<td class="dates">Dec 30, 1902</td>
<a href="/broadway-cast-staff/e-h-sothern-28103">E. H. Sothern</a>	Hamlet	<td class="dates">Dec 30, 1902</td>
<a href="/broadway-cast-staff/robert-b-mantell-68220">Robert B. Mantell</a>	Hamlet	<td class="dates">Oct 23, 1905</td>
<a href="/broadway-cast-staff/marie-booth-russell-58687">Marie Booth Russell</a>	Ophelia	<td class="dates">Oct 23, 1905</td>
<a href="/broadway-cast-staff/maude-adams-29363">Maude Adams</a>	Juliet	<td class="dates">May 08, 1899</td>
<a href="/broadway-cast-staff/william-faversham-14744">William Faversham</a>	Romeo	<td class="dates">May 08, 1899</td>
<a href="/broadway-cast-staff/edwin-booth-32508">Edwin Booth</a>	Hamlet	<td class="dates">Nov 1864</td>
<a href="/broadway-cast-staff/mrs-frank-s-chanfrau-87217">Mrs. Frank S. Chanfrau</a>	Ophelia	<td class="dates">Nov 1864</td>
<a href="/broadway-cast-staff/lewis-hallam-43804">Lewis Hallam</a>	Macbeth	<td class="dates">May 03, 1768</td>
<a href="/broadway-cast-staff/kyrle-bellew-14151">Kyrle Bellew</a>	Romeo	<td class="dates">May 25, 1903</td>
<a href="/broadway-cast-staff/eleanor-robson-5340">Eleanor Robson</a>	Juliet	<td class="dates">May 25, 1903</td>
<a href="/broadway-cast-staff/sarah-bernhardt-9688">Sarah Bernhardt</a>	Hamlet	<td class="dates">Nov 26, 1900</td>
<a href="/broadway-cast-staff/helen-hawthorne-44567">Helen Hawthorne</a>	Ophelia	<td class="dates">Feb 14, 1905</td>
<a href="/broadway-cast-staff/aldora-shem-59858">Aldora Shem</a>	Hamlet	<td class="dates">Feb 14, 1905</td>
<a href="/broadway-cast-staff/robert-b-mantell-68220">Robert B. Mantell</a>	King Lear of Britain	<td class="dates">Oct 23, 1905</td>
<a href="/broadway-cast-staff/edwin-booth-32508">Edwin Booth</a>	Macbeth	<td class="dates">Mar 28, 1870</td>
<a href="/broadway-cast-staff/mrs-james-w-wallack-jr-84447">Mrs. James W. Wallack, Jr.</a>	Romeo	<td class="dates">1850</td>
<a href="/broadway-cast-staff/katherine-wemyss-84448">Katherine Wemyss</a>	Juliet	<td class="dates">1850</td>
<a href="/broadway-cast-staff/lewis-hallam-43804">Lewis Hallam</a>	Hamlet	<td class="dates">Nov 26, 1761</td>
<a href="/broadway-cast-staff/edmund-russell-58663">Edmund Russell</a>	Hamlet	<td class="dates">Apr 28, 1903</td>
<a href="/broadway-cast-staff/jane-schenck-59268">Jane Schenck</a>	Ophelia	<td class="dates">Apr 28, 1903</td>
<a href="/broadway-cast-staff/virginia-harned-44174">Virginia Harned</a>	Ophelia	<td class="dates">Sep 17, 1900</td>
<a href="/broadway-cast-staff/e-h-sothern-28103">E. H. Sothern</a>	Hamlet	<td class="dates">Sep 17, 1900</td>
<a href="/broadway-cast-staff/robert-b-mantell-68220">Robert B. Mantell</a>	Othello	<td class="dates">Dec 05, 1904</td>
<a href="/broadway-cast-staff/marie-booth-russell-58687">Marie Booth Russell</a>	Desdemona	<td class="dates">Dec 05, 1904</td>
<a href="/broadway-cast-staff/robert-b-mantell-68220">Robert B. Mantell</a>	Macbeth	<td class="dates">Oct 23, 1905</td>
<a href="/broadway-cast-staff/marie-booth-russell-58687">Marie Booth Russell</a>	Lady Macbeth	<td class="dates">Oct 23, 1905</td>
<a href="/broadway-cast-staff/edwin-booth-32508">Edwin Booth</a>	Hamlet	<td class="dates">Jan 05, 1870</td>
<a href="/broadway-cast-staff/thomas-hamblin-107404">Thomas Hamblin</a>	Macbeth	<td class="dates">May 07, 1849</td>
<a href="/broadway-cast-staff/cecilia-loftus-68121">Cecilia Loftus</a>	Ophelia	<td class="dates">Mar 23, 1903</td>
<a href="/broadway-cast-staff/e-h-sothern-28103">E. H. Sothern</a>	Hamlet	<td class="dates">Mar 23, 1903</td>
<a href="/broadway-cast-staff/mrs-hallam-87632">Mrs. Hallam</a>	Juliet	<td class="dates">Jan 28, 1754</td>
<a href="/broadway-cast-staff/mr-rigby-57809">Mr. Rigby</a>	Romeo	<td class="dates">Jan 28, 1754</td>
<a href="/broadway-cast-staff/julia-marlowe-22755">Julia Marlowe</a>	Ophelia	<td class="dates">Oct 17, 1904</td>
<a href="/broadway-cast-staff/e-h-sothern-28103">E. H. Sothern</a>	Hamlet	<td class="dates">Oct 17, 1904</td>
<a href="/broadway-cast-staff/clare-eames-14669">Clare Eames</a>	Lady Macbeth	<td class="dates">Mar 15, 1924</td>
<a href="/broadway-cast-staff/james-k-hackett-14993">James K. Hackett</a>	Macbeth	<td class="dates">Mar 15, 1924</td>
<a href="/broadway-cast-staff/robert-b-mantell-68220">Robert B. Mantell</a>	Othello	<td class="dates">Oct 23, 1905</td>
<a href="/broadway-cast-staff/marie-booth-russell-58687">Marie Booth Russell</a>	Desdemona	<td class="dates">Oct 23, 1905</td>
<a href="/broadway-cast-staff/william-charles-macready-107402">William Charles Macready</a>	Macbeth	<td class="dates">May 07, 1849</td>
<a href="/broadway-cast-staff/edmund-breese-5233">Edmund Breese</a>	Romeo	<td class="dates">Feb 16, 1903</td>
<a href="/broadway-cast-staff/fernanda-eliscu-39394">Fernanda Eliscu</a>	Juliet	<td class="dates">Feb 16, 1903</td>
<a href="/broadway-cast-staff/julia-marlowe-22755">Julia Marlowe</a>	Juliet	<td class="dates">Oct 17, 1904</td>
<a href="/broadway-cast-staff/e-h-sothern-28103">E. H. Sothern</a>	Romeo	<td class="dates">Oct 17, 1904</td>
<a href="/broadway-cast-staff/charles-barron-66837">Charles Barron</a>	Iago	<td class="dates">Mar 23, 1865</td>
<a href="/broadway-cast-staff/edwin-booth-32508">Edwin Booth</a>	Othello	<td class="dates">Mar 23, 1865</td>
<a href="/broadway-cast-staff/julia-marlowe-22755">Julia Marlowe</a>	Juliet	<td class="dates">Oct 16, 1905</td>
<a href="/broadway-cast-staff/e-h-sothern-28103">E. H. Sothern</a>	Romeo	<td class="dates">Oct 16, 1905</td>
<a href="/broadway-cast-staff/edwin-forrest-40915">Edwin Forrest</a>	Macbeth	<td class="dates">May 07, 1849</td>
<a href="/broadway-cast-staff/john-barrymore-31141">John Barrymore</a>	Hamlet	<td class="dates">Nov 26, 1923</td>
<a href="/broadway-cast-staff/rosalind-fuller-41458">Rosalind Fuller</a>	Ophelia	<td class="dates">Nov 26, 1923</td>
<a href="/broadway-cast-staff/robert-upton-62929">Robert Upton</a>	Othello	<td class="dates">Dec 23, 1751</td>
<a href="/broadway-cast-staff/beata-karm-47478">Beata Karm</a>	Fool	<td class="dates">Mar 09, 1923</td>
<a href="/broadway-cast-staff/reginald-pole-15895">Reginald Pole</a>	King Lear of Britain	<td class="dates">Mar 09, 1923</td>
<a href="/broadway-cast-staff/jane-cowl-6644">Jane Cowl</a>	Juliet	<td class="dates">Jan 24, 1923</td>
<a href="/broadway-cast-staff/rollo-peters-25270">Rollo Peters</a>	Romeo	<td class="dates">Jan 24, 1923</td>
<a href="/broadway-cast-staff/ethel-barrymore-31140">Ethel Barrymore</a>	Juliet	<td class="dates">Dec 27, 1922</td>
<a href="/broadway-cast-staff/mckay-morris-53782">McKay Morris</a>	Romeo	<td class="dates">Dec 27, 1922</td>
